Outer Fold,Best Hyperparameter C,Test Error Rate
1,0.01,0.15000000000000002
2,0.01,0.125
3,0.01,0.125
4,0.01,0.125
5,0.01,0.125
6,0.01,0.1282051282051282
7,0.01,0.1282051282051282
8,10.0,0.1282051282051282
9,0.01,0.1282051282051282
10,0.01,0.1282051282051282
